Datetime,QQQM,VOO,^VIX
2025-04-07 07:15:00+00:00,,,59.20000076293945
2025-04-07 07:30:00+00:00,,,57.779998779296875
2025-04-07 07:45:00+00:00,,,56.72999954223633
2025-04-07 08:00:00+00:00,167.15,447.4,54.34000015258789
2025-04-07 08:15:00+00:00,167.49,449.23,53.27000045776367
2025-04-07 08:30:00+00:00,168.45,450.25,53.0099983215332
2025-04-07 08:45:00+00:00,167.74,448.48,53.58000183105469
2025-04-07 09:00:00+00:00,167.35,447.75,54.040000915527344
2025-04-07 09:15:00+00:00,167.14,447.75,53.81999969482422
2025-04-07 09:30:00+00:00,168.11,449.78,52.880001068115234
2025-04-07 09:45:00+00:00,167.98,449.13,52.84000015258789
2025-04-07 10:00:00+00:00,169.48,453.22,50.439998626708984
2025-04-07 10:15:00+00:00,169.89,453.62,50.290000915527344
2025-04-07 10:30:00+00:00,171.09,458.2,47.08000183105469
2025-04-07 10:45:00+00:00,169.98,454.71,48.66999816894531
2025-04-07 11:00:00+00:00,170.81,456.75,47.34000015258789
2025-04-07 11:15:00+00:00,170.6,456.36,47.470001220703125
2025-04-07 11:30:00+00:00,169.58,453.49,48.400001525878906
2025-04-07 11:45:00+00:00,169.74,453.53,48.279998779296875
2025-04-07 12:00:00+00:00,169.0906,452.5097,49.08000183105469
2025-04-07 12:15:00+00:00,170.68,455.98,49.099998474121094
2025-04-07 12:30:00+00:00,170.0257,453.1,48.68000030517578
2025-04-07 12:45:00+00:00,170.73,456.04,47.529998779296875
2025-04-07 13:00:00+00:00,169.7609,452.84,48.52000045776367
2025-04-07 13:15:00+00:00,168.13,,49.0
2025-04-07 13:30:00+00:00,166.4499969482422,444.68499755859375,53.7599983215332
2025-04-07 13:45:00+00:00,171.6750030517578,455.5899963378906,48.65999984741211
2025-04-07 14:00:00+00:00,178.4600067138672,472.4100036621094,43.0
2025-04-07 14:15:00+00:00,172.57000732421875,457.8399963378906,49.56999969482422
2025-04-07 14:30:00+00:00,173.39999389648438,459.6300048828125,50.27000045776367
2025-04-07 14:45:00+00:00,175.5019989013672,464.9599914550781,45.189998626708984
2025-04-07 15:00:00+00:00,171.8000030517578,456.04998779296875,46.59000015258789
2025-04-07 15:15:00+00:00,171.0,453.739990234375,52.15999984741211
2025-04-07 15:30:00+00:00,174.44000244140625,462.67999267578125,47.66999816894531
2025-04-07 15:45:00+00:00,172.9593963623047,459.010009765625,49.099998474121094
2025-04-07 16:00:00+00:00,172.0500030517578,457.0400085449219,50.099998474121094
2025-04-07 16:15:00+00:00,172.94000244140625,459.1000061035156,49.119998931884766
2025-04-07 16:30:00+00:00,172.4250030517578,457.5599060058594,50.15999984741211
2025-04-07 16:45:00+00:00,171.5399932861328,455.625,50.970001220703125
2025-04-07 17:00:00+00:00,173.7550048828125,460.89801025390625,49.27000045776367
2025-04-07 17:15:00+00:00,175.27000427246094,464.7099914550781,46.790000915527344
2025-04-07 17:30:00+00:00,175.8699951171875,465.93499755859375,45.45000076293945
2025-04-07 17:45:00+00:00,176.72999572753906,467.8399963378906,44.630001068115234
2025-04-07 18:00:00+00:00,175.49000549316406,465.15618896484375,45.38999938964844
2025-04-07 18:15:00+00:00,174.9199981689453,464.24249267578125,46.54999923706055
2025-04-07 18:30:00+00:00,175.55670166015625,465.6597900390625,46.959999084472656
2025-04-07 18:45:00+00:00,174.17999267578125,462.4150085449219,47.7400016784668
2025-04-07 19:00:00+00:00,173.58999633789062,461.1099853515625,48.34000015258789
2025-04-07 19:15:00+00:00,173.49009704589844,460.0950012207031,48.66999816894531
2025-04-07 19:30:00+00:00,173.5500030517578,460.95001220703125,48.29999923706055
2025-04-07 19:45:00+00:00,174.52000427246094,463.70001220703125,48.2599983215332
2025-04-07 20:00:00+00:00,175.8,466.43,46.91999816894531
2025-04-07 20:15:00+00:00,175.46,466.0,
2025-04-07 20:30:00+00:00,175.51,466.195,
2025-04-07 20:45:00+00:00,175.29,465.5,
2025-04-07 21:00:00+00:00,175.5,465.76,
2025-04-07 21:15:00+00:00,175.52,466.4,
2025-04-07 21:30:00+00:00,176.0,466.45,
2025-04-07 21:45:00+00:00,175.7,466.5,
2025-04-07 22:00:00+00:00,176.09,466.699,
2025-04-07 22:15:00+00:00,176.18,467.25,
2025-04-07 22:30:00+00:00,176.18,467.269,
2025-04-07 22:45:00+00:00,176.39,467.87,
2025-04-07 23:00:00+00:00,176.75,468.9296,
2025-04-07 23:15:00+00:00,176.62,468.6096,
2025-04-07 23:30:00+00:00,176.3796,468.0,
2025-04-07 23:45:00+00:00,176.62,468.345,
2025-04-08 07:15:00+00:00,,,43.27000045776367
2025-04-08 07:30:00+00:00,,,43.56999969482422
2025-04-08 07:45:00+00:00,,,43.189998626708984
2025-04-08 08:00:00+00:00,176.93,470.13,43.81999969482422
2025-04-08 08:15:00+00:00,176.3,469.11,44.130001068115234
2025-04-08 08:30:00+00:00,177.01,471.05,43.5
2025-04-08 08:45:00+00:00,177.15,471.32,43.029998779296875
2025-04-08 09:00:00+00:00,177.2,471.52,42.65999984741211
2025-04-08 09:15:00+00:00,176.5,470.13,43.2400016784668
2025-04-08 09:30:00+00:00,176.75,471.0,42.900001525878906
2025-04-08 09:45:00+00:00,176.37,469.39,43.45000076293945
2025-04-08 10:00:00+00:00,176.21,469.2,43.38999938964844
2025-04-08 10:15:00+00:00,176.37,469.74,42.91999816894531
2025-04-08 10:30:00+00:00,176.88,470.82,42.27000045776367
2025-04-08 10:45:00+00:00,176.8,470.25,42.380001068115234
2025-04-08 11:00:00+00:00,176.94,470.2,42.369998931884766
2025-04-08 11:15:00+00:00,177.17,471.65,41.90999984741211
2025-04-08 11:30:00+00:00,178.35,474.44,40.939998626708984
2025-04-08 11:45:00+00:00,179.19,476.23,40.31999969482422
2025-04-08 12:00:00+00:00,179.22,476.1,40.099998474121094
2025-04-08 12:15:00+00:00,179.078,475.93,40.52000045776367
2025-04-08 12:30:00+00:00,178.53,474.595,41.0
2025-04-08 12:45:00+00:00,178.8,475.15,40.63999938964844
2025-04-08 13:00:00+00:00,179.78,478.0,39.38999938964844
2025-04-08 13:15:00+00:00,180.51,,39.38999938964844
2025-04-08 13:30:00+00:00,180.3354949951172,477.6000061035156,38.31999969482422
2025-04-08 13:45:00+00:00,181.42250061035156,480.2749938964844,37.06999969482422
2025-04-08 14:00:00+00:00,181.86000061035156,481.4200134277344,36.880001068115234
2025-04-08 14:15:00+00:00,181.67999267578125,481.0299987792969,37.470001220703125
2025-04-08 14:30:00+00:00,181.22000122070312,479.3399963378906,38.0099983215332
2025-04-08 14:45:00+00:00,180.19000244140625,475.9399108886719,39.650001525878906
2025-04-08 15:00:00+00:00,179.4199981689453,474.114990234375,40.72999954223633
2025-04-08 15:15:00+00:00,178.74749755859375,472.61480712890625,41.2599983215332
2025-04-08 15:30:00+00:00,179.75,475.5350036621094,39.849998474121094
2025-04-08 15:45:00+00:00,179.41949462890625,474.91009521484375,40.380001068115234
2025-04-08 16:00:00+00:00,178.94000244140625,473.6449890136719,40.84000015258789
2025-04-08 16:15:00+00:00,178.05999755859375,472.3800048828125,42.029998779296875
2025-04-08 16:30:00+00:00,176.0915069580078,467.3652038574219,45.43000030517578
2025-04-08 16:45:00+00:00,175.5655059814453,466.0975036621094,46.08000183105469
2025-04-08 17:00:00+00:00,174.8800048828125,464.25,47.029998779296875
2025-04-08 17:15:00+00:00,174.03500366210938,461.8800048828125,49.56999969482422
2025-04-08 17:30:00+00:00,175.9600067138672,466.7362976074219,47.209999084472656
2025-04-08 17:45:00+00:00,175.6143035888672,465.81500244140625,47.75
2025-04-08 18:00:00+00:00,174.3800048828125,462.6506042480469,49.0099983215332
2025-04-08 18:15:00+00:00,173.97000122070312,461.7799987792969,48.81999969482422
2025-04-08 18:30:00+00:00,173.4550018310547,460.885009765625,50.04999923706055
2025-04-08 18:45:00+00:00,173.42999267578125,461.0799865722656,50.16999816894531
2025-04-08 19:00:00+00:00,171.22999572753906,456.3599853515625,53.790000915527344
2025-04-08 19:15:00+00:00,171.6999969482422,457.239990234375,52.150001525878906
2025-04-08 19:30:00+00:00,169.27999877929688,450.9599914550781,56.220001220703125
2025-04-08 19:45:00+00:00,171.3300018310547,456.4649963378906,52.66999816894531
2025-04-08 20:00:00+00:00,171.4,456.155,52.2400016784668
2025-04-08 20:15:00+00:00,170.84,454.67,
2025-04-08 20:30:00+00:00,170.95,455.17,
2025-04-08 20:45:00+00:00,171.31,455.93,
2025-04-08 21:00:00+00:00,171.36,455.5,
2025-04-08 21:15:00+00:00,171.3,455.8,
2025-04-08 21:30:00+00:00,171.6,456.095,
2025-04-08 21:45:00+00:00,171.41,455.85,
2025-04-08 22:00:00+00:00,170.11,452.91,
2025-04-08 22:15:00+00:00,169.45,451.9,
2025-04-08 22:30:00+00:00,169.47,451.845,
2025-04-08 22:45:00+00:00,169.69,452.56,
2025-04-08 23:00:00+00:00,169.0,450.67,
2025-04-08 23:15:00+00:00,167.87,448.57,
2025-04-08 23:30:00+00:00,167.9492,448.28,
2025-04-08 23:45:00+00:00,168.89,450.82,
2025-04-09 07:15:00+00:00,,,49.90999984741211
2025-04-09 07:30:00+00:00,,,48.15999984741211
2025-04-09 07:45:00+00:00,,,48.97999954223633
2025-04-09 08:00:00+00:00,171.86,455.44,50.54999923706055
2025-04-09 08:15:00+00:00,171.75,454.81,50.59000015258789
2025-04-09 08:30:00+00:00,171.67,455.9,49.86000061035156
2025-04-09 08:45:00+00:00,172.5,457.56,48.5099983215332
2025-04-09 09:00:00+00:00,172.61,457.95,47.97999954223633
2025-04-09 09:15:00+00:00,171.93,456.93,48.38999938964844
2025-04-09 09:30:00+00:00,172.0,456.07,49.119998931884766
2025-04-09 09:45:00+00:00,171.78,455.5,49.61000061035156
2025-04-09 10:00:00+00:00,171.41,455.33,49.619998931884766
2025-04-09 10:15:00+00:00,171.02,453.61,50.79999923706055
2025-04-09 10:30:00+00:00,170.69,454.47,50.790000915527344
2025-04-09 10:45:00+00:00,171.42,454.82,49.20000076293945
2025-04-09 11:00:00+00:00,169.55,450.99,53.20000076293945
2025-04-09 11:15:00+00:00,169.5,450.85,54.939998626708984
2025-04-09 11:30:00+00:00,168.0,446.74,57.810001373291016
2025-04-09 11:45:00+00:00,168.76,448.48,56.02000045776367
2025-04-09 12:00:00+00:00,169.0,449.11,56.09000015258789
2025-04-09 12:15:00+00:00,168.5795,447.66,57.130001068115234
2025-04-09 12:30:00+00:00,169.2786,449.6097,56.2599983215332
2025-04-09 12:45:00+00:00,170.5493,451.65,53.869998931884766
2025-04-09 13:00:00+00:00,171.06,453.46,53.08000183105469
2025-04-09 13:15:00+00:00,171.05,,52.65999984741211
2025-04-09 13:30:00+00:00,172.63499450683594,457.7619934082031,49.95000076293945
2025-04-09 13:45:00+00:00,173.41510009765625,459.45001220703125,49.75
2025-04-09 14:00:00+00:00,172.5,456.9421081542969,51.08000183105469
2025-04-09 14:15:00+00:00,173.44500732421875,458.6000061035156,50.150001525878906
2025-04-09 14:30:00+00:00,173.14010620117188,457.42999267578125,50.709999084472656
2025-04-09 14:45:00+00:00,171.2100067138672,453.2865905761719,52.470001220703125
2025-04-09 15:00:00+00:00,172.48019409179688,456.32000732421875,51.119998931884766
2025-04-09 15:15:00+00:00,172.98609924316406,457.95001220703125,50.150001525878906
2025-04-09 15:30:00+00:00,171.72000122070312,455.1300048828125,51.68000030517578
2025-04-09 15:45:00+00:00,172.18690490722656,455.8599853515625,51.209999084472656
2025-04-09 16:00:00+00:00,173.7899932861328,459.44989013671875,49.119998931884766
2025-04-09 16:15:00+00:00,173.52499389648438,458.7900085449219,49.939998626708984
2025-04-09 16:30:00+00:00,173.74000549316406,459.3599853515625,49.75
2025-04-09 16:45:00+00:00,174.25999450683594,460.55999755859375,49.16999816894531
2025-04-09 17:00:00+00:00,174.89999389648438,461.6600036621094,47.959999084472656
2025-04-09 17:15:00+00:00,182.8699951171875,481.3599853515625,37.0099983215332
2025-04-09 17:30:00+00:00,184.05499267578125,483.5199890136719,39.290000915527344
2025-04-09 17:45:00+00:00,187.42300415039062,491.56500244140625,36.13999938964844
2025-04-09 18:00:00+00:00,187.5399932861328,491.10101318359375,37.540000915527344
2025-04-09 18:15:00+00:00,189.24000549316406,494.5199890136719,35.810001373291016
2025-04-09 18:30:00+00:00,187.49000549316406,490.0,35.7400016784668
2025-04-09 18:45:00+00:00,186.52000427246094,487.9100036621094,36.09000015258789
2025-04-09 19:00:00+00:00,188.9770050048828,493.989990234375,34.38999938964844
2025-04-09 19:15:00+00:00,190.25,496.760009765625,32.369998931884766
2025-04-09 19:30:00+00:00,190.8000030517578,497.9200134277344,33.189998626708984
2025-04-09 19:45:00+00:00,191.42999267578125,499.4599914550781,33.40999984741211
2025-04-09 20:00:00+00:00,191.22,498.7911,33.619998931884766
2025-04-09 20:15:00+00:00,191.72,500.72,
2025-04-09 20:30:00+00:00,191.88,501.09,
2025-04-09 20:45:00+00:00,192.25,501.69,
2025-04-09 21:00:00+00:00,192.8,501.975,
2025-04-09 21:15:00+00:00,191.6,501.21,
2025-04-09 21:30:00+00:00,191.97,500.68,
2025-04-09 21:45:00+00:00,191.3,500.0,
2025-04-09 22:00:00+00:00,191.85,501.31,
2025-04-09 22:15:00+00:00,191.94,501.65,
2025-04-09 22:30:00+00:00,191.9,502.02,
2025-04-09 22:45:00+00:00,192.1885,502.05,
2025-04-09 23:00:00+00:00,191.89,501.539,
2025-04-09 23:15:00+00:00,191.93,501.6,
2025-04-09 23:30:00+00:00,191.95,501.829,
2025-04-09 23:45:00+00:00,191.86,501.585,
2025-04-10 07:15:00+00:00,,,35.13999938964844
2025-04-10 07:30:00+00:00,,,37.86000061035156
2025-04-10 07:45:00+00:00,,,36.72999954223633
2025-04-10 08:00:00+00:00,188.07,491.7,36.75
2025-04-10 08:15:00+00:00,187.5,490.89,37.119998931884766
2025-04-10 08:30:00+00:00,187.34,490.2,38.279998779296875
2025-04-10 08:45:00+00:00,186.7,488.5,38.65999984741211
2025-04-10 09:00:00+00:00,187.17,489.35,38.099998474121094
2025-04-10 09:15:00+00:00,187.17,488.89,37.97999954223633
2025-04-10 09:30:00+00:00,187.25,489.18,37.75
2025-04-10 09:45:00+00:00,187.4,489.55,37.04999923706055
2025-04-10 10:00:00+00:00,188.26,492.17,35.84000015258789
2025-04-10 10:15:00+00:00,188.13,492.04,35.95000076293945
2025-04-10 10:30:00+00:00,188.4,492.5,35.869998931884766
2025-04-10 10:45:00+00:00,187.8,490.66,36.630001068115234
2025-04-10 11:00:00+00:00,187.85,490.63,37.15999984741211
2025-04-10 11:15:00+00:00,188.0,490.87,36.939998626708984
2025-04-10 11:30:00+00:00,188.4,491.62,36.65999984741211
2025-04-10 11:45:00+00:00,188.05,492.0,36.470001220703125
2025-04-10 12:00:00+00:00,187.34,490.5301,37.04999923706055
2025-04-10 12:15:00+00:00,186.98,490.54,37.029998779296875
2025-04-10 12:30:00+00:00,187.07,489.45,36.790000915527344
2025-04-10 12:45:00+00:00,187.15,490.08,36.90999984741211
2025-04-10 13:00:00+00:00,187.0,489.8484,36.88999938964844
2025-04-10 13:15:00+00:00,186.85,,35.75
2025-04-10 13:30:00+00:00,186.10000610351562,487.2200012207031,36.880001068115234
2025-04-10 13:45:00+00:00,185.60000610351562,486.19500732421875,36.849998474121094
2025-04-10 14:00:00+00:00,185.06629943847656,484.93060302734375,37.93000030517578
2025-04-10 14:15:00+00:00,185.27999877929688,485.2900085449219,37.75
2025-04-10 14:30:00+00:00,186.0500030517578,487.05999755859375,37.75
2025-04-10 14:45:00+00:00,184.78990173339844,483.80999755859375,39.47999954223633
2025-04-10 15:00:00+00:00,184.76499938964844,483.8599853515625,39.130001068115234
2025-04-10 15:15:00+00:00,183.5800018310547,481.4150085449219,41.02000045776367
2025-04-10 15:30:00+00:00,182.9199981689453,479.5,43.0099983215332
2025-04-10 15:45:00+00:00,181.74000549316406,476.7099914550781,45.7400016784668
2025-04-10 16:00:00+00:00,180.77499389648438,474.5899963378906,48.619998931884766
2025-04-10 16:15:00+00:00,179.0384063720703,470.42999267578125,54.66999816894531
2025-04-10 16:30:00+00:00,181.22999572753906,475.9599914550781,49.2400016784668
2025-04-10 16:45:00+00:00,182.07449340820312,477.6000061035156,48.0
2025-04-10 17:00:00+00:00,180.03500366210938,472.9800109863281,51.63999938964844
2025-04-10 17:15:00+00:00,181.84500122070312,477.2236022949219,48.27000045776367
2025-04-10 17:30:00+00:00,182.91000366210938,480.4200134277344,45.779998779296875
2025-04-10 17:45:00+00:00,183.5050048828125,481.7300109863281,44.29999923706055
2025-04-10 18:00:00+00:00,182.2100067138672,478.7200012207031,45.43000030517578
2025-04-10 18:15:00+00:00,185.03900146484375,485.6199951171875,41.0
2025-04-10 18:30:00+00:00,185.4799041748047,486.5199890136719,40.779998779296875
2025-04-10 18:45:00+00:00,184.27000427246094,483.6099853515625,42.150001525878906
2025-04-10 19:00:00+00:00,183.61500549316406,482.55999755859375,43.040000915527344
2025-04-10 19:15:00+00:00,182.75,480.2344970703125,45.0099983215332
2025-04-10 19:30:00+00:00,181.6199951171875,476.8699951171875,47.45000076293945
2025-04-10 19:45:00+00:00,183.72999572753906,482.2200012207031,41.18000030517578
2025-04-10 20:00:00+00:00,184.26,483.96,40.86000061035156
2025-04-10 20:15:00+00:00,183.61,482.0,
2025-04-10 20:30:00+00:00,183.3,481.505,
2025-04-10 20:45:00+00:00,184.05,482.81,
2025-04-10 21:00:00+00:00,183.93,482.5,
2025-04-10 21:15:00+00:00,183.8,482.29,
2025-04-10 21:30:00+00:00,183.78,482.0,
2025-04-10 21:45:00+00:00,183.61,481.625,
2025-04-10 22:00:00+00:00,184.36,483.58,
2025-04-10 22:15:00+00:00,184.1984,483.29,
2025-04-10 22:30:00+00:00,184.7,484.485,
2025-04-10 22:45:00+00:00,184.1989,483.3,
2025-04-10 23:00:00+00:00,183.44,481.6807,
2025-04-10 23:15:00+00:00,182.9311,480.89,
2025-04-10 23:30:00+00:00,182.98,481.18,
2025-04-10 23:45:00+00:00,182.4,479.88,
2025-04-11 07:15:00+00:00,,,41.15999984741211
2025-04-11 07:30:00+00:00,,,40.400001525878906
2025-04-11 07:45:00+00:00,,,41.459999084472656
2025-04-11 08:00:00+00:00,184.7,483.8,41.150001525878906
2025-04-11 08:15:00+00:00,183.79,481.35,42.880001068115234
2025-04-11 08:30:00+00:00,182.48,479.5,44.439998626708984
2025-04-11 08:45:00+00:00,182.69,480.2,44.2599983215332
2025-04-11 09:00:00+00:00,182.59,480.73,44.08000183105469
2025-04-11 09:15:00+00:00,183.09,481.43,43.939998626708984
2025-04-11 09:30:00+00:00,183.64,483.5,42.88999938964844
2025-04-11 09:45:00+00:00,185.14,486.0,41.36000061035156
2025-04-11 10:00:00+00:00,185.16,485.54,41.689998626708984
2025-04-11 10:15:00+00:00,185.64,486.9,41.150001525878906
2025-04-11 10:30:00+00:00,185.41,486.19,41.5099983215332
2025-04-11 10:45:00+00:00,,486.03,41.58000183105469
2025-04-11 11:00:00+00:00,185.02,485.4,41.790000915527344
2025-04-11 11:15:00+00:00,184.5,483.9,42.79999923706055
2025-04-11 11:30:00+00:00,184.0,483.57,43.0
2025-04-11 11:45:00+00:00,184.5,484.19,43.27000045776367
2025-04-11 12:00:00+00:00,184.8,484.54,42.47999954223633
2025-04-11 12:15:00+00:00,184.552,484.495,41.939998626708984
2025-04-11 12:30:00+00:00,184.85,484.85,41.97999954223633
2025-04-11 12:45:00+00:00,183.85,483.0,43.11000061035156
2025-04-11 13:00:00+00:00,182.986,480.245,44.77000045776367
2025-04-11 13:15:00+00:00,183.09,,43.90999984741211
2025-04-11 13:30:00+00:00,184.34359741210938,482.9100036621094,43.040000915527344
2025-04-11 13:45:00+00:00,184.689697265625,483.75,42.41999816894531
2025-04-11 14:00:00+00:00,184.2899932861328,483.67999267578125,42.33000183105469
2025-04-11 14:15:00+00:00,181.9600067138672,478.6000061035156,45.290000915527344
2025-04-11 14:30:00+00:00,183.94000244140625,482.82000732421875,43.290000915527344
2025-04-11 14:45:00+00:00,183.14500427246094,480.8999938964844,45.09000015258789
2025-04-11 15:00:00+00:00,182.64999389648438,479.6199951171875,45.72999954223633
2025-04-11 15:15:00+00:00,183.10000610351562,480.7799987792969,45.04999923706055
2025-04-11 15:30:00+00:00,183.97500610351562,482.55999755859375,43.68000030517578
2025-04-11 15:45:00+00:00,184.60000610351562,484.2117004394531,43.0099983215332
2025-04-11 16:00:00+00:00,184.82000732421875,485.1792907714844,41.7400016784668
2025-04-11 16:15:00+00:00,184.55340576171875,484.7101135253906,41.47999954223633
2025-04-11 16:30:00+00:00,186.4499969482422,488.9476013183594,39.029998779296875
2025-04-11 16:45:00+00:00,186.28990173339844,488.7099914550781,39.400001525878906
2025-04-11 17:00:00+00:00,185.88999938964844,488.3642883300781,40.029998779296875
2025-04-11 17:15:00+00:00,185.27999877929688,486.8877868652344,41.869998931884766
2025-04-11 17:30:00+00:00,187.1199951171875,492.1099853515625,39.0
2025-04-11 17:45:00+00:00,187.1199951171875,491.4700012207031,39.61000061035156
2025-04-11 18:00:00+00:00,186.83999633789062,490.29998779296875,39.91999816894531
2025-04-11 18:15:00+00:00,186.55499267578125,489.9599914550781,39.97999954223633
2025-04-11 18:30:00+00:00,186.85000610351562,490.4700012207031,39.560001373291016
2025-04-11 18:45:00+00:00,186.26100158691406,489.1000061035156,39.279998779296875
2025-04-11 19:00:00+00:00,187.33999633789062,491.7250061035156,38.09000015258789
2025-04-11 19:15:00+00:00,187.21499633789062,491.489990234375,37.529998779296875
2025-04-11 19:30:00+00:00,187.2899932861328,491.6549987792969,36.849998474121094
2025-04-11 19:45:00+00:00,187.02000427246094,490.69000244140625,37.939998626708984
2025-04-11 20:00:00+00:00,186.9811,491.23,37.54999923706055
2025-04-11 20:15:00+00:00,187.0493,491.37,
2025-04-11 20:30:00+00:00,187.18,491.41,
2025-04-11 20:45:00+00:00,187.1,491.23,
2025-04-11 21:00:00+00:00,186.9175,491.165,
2025-04-11 21:15:00+00:00,187.16,491.34,
2025-04-11 21:30:00+00:00,187.37,490.985,
2025-04-11 21:45:00+00:00,187.33,490.8,
2025-04-11 22:00:00+00:00,186.6,490.55,
2025-04-11 22:15:00+00:00,187.4925,490.55,
2025-04-11 22:30:00+00:00,187.32,490.495,
2025-04-11 22:45:00+00:00,187.09,490.455,
2025-04-11 23:00:00+00:00,186.71,490.325,
2025-04-11 23:15:00+00:00,187.0,490.73,
2025-04-11 23:30:00+00:00,186.98,490.72,
2025-04-11 23:45:00+00:00,186.98,490.94,
2025-04-14 07:15:00+00:00,,,34.400001525878906
2025-04-14 07:30:00+00:00,,,34.27000045776367
2025-04-14 07:45:00+00:00,,,34.09000015258789
2025-04-14 08:00:00+00:00,190.35,497.64,33.9900016784668
2025-04-14 08:15:00+00:00,190.35,498.02,33.599998474121094
2025-04-14 08:30:00+00:00,190.26,497.8,33.459999084472656
2025-04-14 08:45:00+00:00,190.15,497.74,33.459999084472656
2025-04-14 09:00:00+00:00,190.09,497.72,33.45000076293945
2025-04-14 09:15:00+00:00,189.88,496.45,33.88999938964844
2025-04-14 09:30:00+00:00,189.37,496.02,33.900001525878906
2025-04-14 09:45:00+00:00,,496.51,33.630001068115234
2025-04-14 10:00:00+00:00,189.7,496.72,33.529998779296875
2025-04-14 10:15:00+00:00,189.71,496.42,33.52000045776367
2025-04-14 10:30:00+00:00,189.85,497.33,33.16999816894531
2025-04-14 10:45:00+00:00,,497.5,33.08000183105469
2025-04-14 11:00:00+00:00,190.47,498.47,32.720001220703125
2025-04-14 11:15:00+00:00,190.37,498.47,32.7400016784668
2025-04-14 11:30:00+00:00,190.25,497.68,33.0099983215332
2025-04-14 11:45:00+00:00,189.69,496.39,33.65999984741211
2025-04-14 12:00:00+00:00,190.08,497.45,33.040000915527344
2025-04-14 12:15:00+00:00,190.28,497.83,33.0
2025-04-14 12:30:00+00:00,190.6185,498.44,32.63999938964844
2025-04-14 12:45:00+00:00,190.79,498.84,32.400001525878906
2025-04-14 13:00:00+00:00,190.75,498.99,32.439998626708984
2025-04-14 13:15:00+00:00,191.2104,,31.979999542236328
2025-04-14 13:30:00+00:00,189.4398956298828,497.010009765625,33.40999984741211
2025-04-14 13:45:00+00:00,189.4219970703125,496.7699890136719,32.790000915527344
2025-04-14 14:00:00+00:00,189.86900329589844,497.5799865722656,32.16999816894531
2025-04-14 14:15:00+00:00,190.2301025390625,498.2699890136719,31.459999084472656
2025-04-14 14:30:00+00:00,190.36500549316406,498.3900146484375,30.6299991607666
2025-04-14 14:45:00+00:00,190.2449951171875,498.4700012207031,30.690000534057617
2025-04-14 15:00:00+00:00,189.2967071533203,496.9599914550781,31.90999984741211
2025-04-14 15:15:00+00:00,188.38999938964844,494.95001220703125,33.02000045776367
2025-04-14 15:30:00+00:00,188.20950317382812,494.58331298828125,33.11000061035156
2025-04-14 15:45:00+00:00,187.24000549316406,492.3800048828125,34.310001373291016
2025-04-14 16:00:00+00:00,187.02000427246094,492.1400146484375,34.400001525878906
2025-04-14 16:15:00+00:00,187.1060028076172,492.489990234375,34.13999938964844
2025-04-14 16:30:00+00:00,187.6699981689453,493.9700012207031,33.130001068115234
2025-04-14 16:45:00+00:00,186.80999755859375,492.20001220703125,33.849998474121094
2025-04-14 17:00:00+00:00,187.35800170898438,493.3562927246094,33.66999816894531
2025-04-14 17:15:00+00:00,187.57000732421875,493.9700012207031,33.189998626708984
2025-04-14 17:30:00+00:00,187.5399932861328,493.6000061035156,32.90999984741211
2025-04-14 17:45:00+00:00,188.3300018310547,495.3877868652344,31.959999084472656
2025-04-14 18:00:00+00:00,188.5399932861328,495.67999267578125,31.68000030517578
2025-04-14 18:15:00+00:00,188.9550018310547,496.69000244140625,31.18000030517578
2025-04-14 18:30:00+00:00,189.314697265625,497.4100036621094,30.84000015258789
2025-04-14 18:45:00+00:00,189.02499389648438,496.9849853515625,30.940000534057617
2025-04-14 19:00:00+00:00,189.781005859375,498.5,29.889999389648438
2025-04-14 19:15:00+00:00,189.30050659179688,497.56500244140625,30.350000381469727
2025-04-14 19:30:00+00:00,189.47999572753906,497.86700439453125,29.899999618530273
2025-04-14 19:45:00+00:00,188.33999633789062,495.3900146484375,30.75
2025-04-14 20:00:00+00:00,188.19,494.91,30.8799991607666
2025-04-14 20:15:00+00:00,187.34,493.04,
2025-04-14 20:30:00+00:00,187.75,493.895,
2025-04-14 20:45:00+00:00,188.04,494.53,
2025-04-14 21:00:00+00:00,187.86,494.245,
2025-04-14 21:15:00+00:00,188.17,494.28,
2025-04-14 21:30:00+00:00,187.97,494.795,
2025-04-14 21:45:00+00:00,187.94,494.73,
2025-04-14 22:00:00+00:00,187.74,493.88,
2025-04-14 22:15:00+00:00,187.53,493.2796,
2025-04-14 22:30:00+00:00,187.58,493.55,
2025-04-14 22:45:00+00:00,187.07,492.95,
2025-04-14 23:00:00+00:00,187.41,493.3,
2025-04-14 23:15:00+00:00,187.57,493.7288,
2025-04-14 23:30:00+00:00,187.2401,493.14,
2025-04-14 23:45:00+00:00,187.3984,493.4313,
2025-04-15 07:15:00+00:00,,,29.889999389648438
2025-04-15 07:30:00+00:00,,,29.610000610351562
2025-04-15 07:45:00+00:00,,,29.690000534057617
2025-04-15 08:00:00+00:00,189.01,496.76,29.809999465942383
2025-04-15 08:15:00+00:00,189.01,496.22,30.040000915527344
2025-04-15 08:30:00+00:00,188.99,496.26,30.100000381469727
2025-04-15 08:45:00+00:00,188.92,496.26,30.149999618530273
2025-04-15 09:00:00+00:00,,495.76,30.360000610351562
2025-04-15 09:15:00+00:00,189.17,496.81,29.889999389648438
2025-04-15 09:30:00+00:00,,495.46,30.389999389648438
2025-04-15 09:45:00+00:00,188.72,495.6,30.280000686645508
2025-04-15 10:00:00+00:00,188.98,496.37,30.0
2025-04-15 10:15:00+00:00,,496.34,29.969999313354492
2025-04-15 10:30:00+00:00,188.9,495.59,30.260000228881836
2025-04-15 10:45:00+00:00,188.65,495.86,30.149999618530273
2025-04-15 11:00:00+00:00,188.699,495.5,30.309999465942383
2025-04-15 11:15:00+00:00,,495.92,30.110000610351562
2025-04-15 11:30:00+00:00,188.55,494.78,30.68000030517578
2025-04-15 11:45:00+00:00,187.73,493.9,31.149999618530273
2025-04-15 12:00:00+00:00,188.11,494.38,30.709999084472656
2025-04-15 12:15:00+00:00,187.44,493.21,31.299999237060547
2025-04-15 12:30:00+00:00,188.18,494.47,30.65999984741211
2025-04-15 12:45:00+00:00,188.32,494.655,30.610000610351562
2025-04-15 13:00:00+00:00,188.5352,495.105,30.31999969482422
2025-04-15 13:15:00+00:00,188.73,,30.190000534057617
2025-04-15 13:30:00+00:00,189.60000610351562,497.95001220703125,28.84000015258789
2025-04-15 13:45:00+00:00,189.6199951171875,497.7300109863281,29.18000030517578
2025-04-15 14:00:00+00:00,189.80999755859375,497.95001220703125,29.0
2025-04-15 14:15:00+00:00,188.64999389648438,495.739990234375,29.829999923706055
2025-04-15 14:30:00+00:00,189.61000061035156,497.8399963378906,28.690000534057617
2025-04-15 14:45:00+00:00,189.1199951171875,496.8599853515625,29.229999542236328
2025-04-15 15:00:00+00:00,189.53500366210938,497.6300048828125,28.979999542236328
2025-04-15 15:15:00+00:00,189.10000610351562,496.5098876953125,29.459999084472656
2025-04-15 15:30:00+00:00,189.17709350585938,496.6400146484375,29.3799991607666
2025-04-15 15:45:00+00:00,189.4199981689453,497.17999267578125,29.049999237060547
2025-04-15 16:00:00+00:00,189.40829467773438,497.1310119628906,28.920000076293945
2025-04-15 16:15:00+00:00,189.6300048828125,497.1802062988281,29.0
2025-04-15 16:30:00+00:00,189.5399932861328,496.95001220703125,29.049999237060547
2025-04-15 16:45:00+00:00,188.61000061035156,495.4599914550781,29.729999542236328
2025-04-15 17:00:00+00:00,188.8415069580078,495.7250061035156,29.31999969482422
2025-04-15 17:15:00+00:00,188.23959350585938,494.260009765625,30.049999237060547
2025-04-15 17:30:00+00:00,188.69509887695312,495.2200012207031,29.540000915527344
2025-04-15 17:45:00+00:00,188.49600219726562,494.76470947265625,29.799999237060547
2025-04-15 18:00:00+00:00,188.02999877929688,493.8900146484375,30.06999969482422
2025-04-15 18:15:00+00:00,188.14999389648438,493.989990234375,29.940000534057617
2025-04-15 18:30:00+00:00,188.64999389648438,495.1000061035156,29.190000534057617
2025-04-15 18:45:00+00:00,188.75,495.1400146484375,29.0
2025-04-15 19:00:00+00:00,188.85000610351562,495.3900146484375,28.93000030517578
2025-04-15 19:15:00+00:00,188.5800018310547,494.80499267578125,29.329999923706055
2025-04-15 19:30:00+00:00,188.56900024414062,494.6199951171875,29.510000228881836
2025-04-15 19:45:00+00:00,188.56500244140625,494.20001220703125,30.100000381469727
2025-04-15 20:00:00+00:00,188.61,494.2,30.110000610351562
2025-04-15 20:15:00+00:00,188.4,493.68,
2025-04-15 20:30:00+00:00,188.4599,494.02,
2025-04-15 20:45:00+00:00,188.3,493.92,
2025-04-15 21:00:00+00:00,188.57,494.35,
2025-04-15 21:15:00+00:00,188.4,494.15,
2025-04-15 21:30:00+00:00,187.54,492.67,
2025-04-15 21:45:00+00:00,186.75,491.815,
2025-04-15 22:00:00+00:00,186.3,490.385,
2025-04-15 22:15:00+00:00,186.5106,490.925,
2025-04-15 22:30:00+00:00,186.59,490.84,
2025-04-15 22:45:00+00:00,186.45,490.75,
2025-04-15 23:00:00+00:00,186.16,490.335,
2025-04-15 23:15:00+00:00,186.2293,490.26,
2025-04-15 23:30:00+00:00,186.0103,490.21,
2025-04-15 23:45:00+00:00,186.21,490.365,
2025-04-16 07:15:00+00:00,,,33.630001068115234
2025-04-16 07:30:00+00:00,,,33.22999954223633
2025-04-16 07:45:00+00:00,,,33.5
2025-04-16 08:00:00+00:00,184.3,486.73,33.47999954223633
2025-04-16 08:15:00+00:00,184.97,489.67,33.29999923706055
2025-04-16 08:30:00+00:00,187.26,493.03,31.06999969482422
2025-04-16 08:45:00+00:00,186.26,490.6,32.040000915527344
2025-04-16 09:00:00+00:00,186.02,490.79,31.790000915527344
2025-04-16 09:15:00+00:00,186.47,491.42,31.360000610351562
2025-04-16 09:30:00+00:00,186.38,491.15,31.40999984741211
2025-04-16 09:45:00+00:00,186.0,490.2,31.780000686645508
2025-04-16 10:00:00+00:00,186.11,490.68,31.579999923706055
2025-04-16 10:15:00+00:00,186.23,490.71,31.579999923706055
2025-04-16 10:30:00+00:00,185.74,490.5,31.540000915527344
2025-04-16 10:45:00+00:00,,490.52,31.520000457763672
2025-04-16 11:00:00+00:00,185.75,490.3,31.610000610351562
2025-04-16 11:15:00+00:00,185.86,490.6,31.559999465942383
2025-04-16 11:30:00+00:00,186.0,490.99,31.299999237060547
2025-04-16 11:45:00+00:00,185.89,490.5,31.559999465942383
2025-04-16 12:00:00+00:00,186.0185,490.46,31.579999923706055
2025-04-16 12:15:00+00:00,186.03,490.55,31.530000686645508
2025-04-16 12:30:00+00:00,185.511,489.785,31.739999771118164
2025-04-16 12:45:00+00:00,185.52,489.39,31.600000381469727
2025-04-16 13:00:00+00:00,185.28,489.085,32.150001525878906
2025-04-16 13:15:00+00:00,184.8,,32.11000061035156
2025-04-16 13:30:00+00:00,185.36000061035156,489.4200134277344,30.809999465942383
2025-04-16 13:45:00+00:00,184.3000030517578,487.1000061035156,31.799999237060547
2025-04-16 14:00:00+00:00,184.5471954345703,487.2799987792969,31.389999389648438
2025-04-16 14:15:00+00:00,185.173095703125,488.7200012207031,30.549999237060547
2025-04-16 14:30:00+00:00,185.5399932861328,489.6199951171875,30.25
2025-04-16 14:45:00+00:00,185.2467041015625,489.20001220703125,30.25
2025-04-16 15:00:00+00:00,185.33999633789062,489.55499267578125,30.020000457763672
2025-04-16 15:15:00+00:00,186.10009765625,491.3699951171875,29.56999969482422
2025-04-16 15:30:00+00:00,185.49000549316406,490.1581115722656,30.200000762939453
2025-04-16 15:45:00+00:00,184.88999938964844,488.6300048828125,30.8799991607666
2025-04-16 16:00:00+00:00,184.89999389648438,488.5299987792969,30.969999313354492
2025-04-16 16:15:00+00:00,184.93499755859375,488.5260925292969,31.030000686645508
2025-04-16 16:30:00+00:00,184.90499877929688,488.4849853515625,31.0
2025-04-16 16:45:00+00:00,184.61000061035156,487.9800109863281,31.290000915527344
2025-04-16 17:00:00+00:00,184.5399932861328,487.5802001953125,31.290000915527344
2025-04-16 17:15:00+00:00,184.94509887695312,488.5328063964844,30.860000610351562
2025-04-16 17:30:00+00:00,183.16000366210938,484.61761474609375,32.16999816894531
2025-04-16 17:45:00+00:00,181.9949951171875,481.79998779296875,33.790000915527344
2025-04-16 18:00:00+00:00,182.57000732421875,483.4599914550781,32.56999969482422
2025-04-16 18:15:00+00:00,182.6750030517578,483.45001220703125,32.349998474121094
2025-04-16 18:30:00+00:00,181.6300048828125,481.55999755859375,33.09000015258789
2025-04-16 18:45:00+00:00,181.17999267578125,480.4977111816406,33.540000915527344
2025-04-16 19:00:00+00:00,180.92050170898438,479.8500061035156,33.86000061035156
2025-04-16 19:15:00+00:00,180.4199981689453,478.52459716796875,34.900001525878906
2025-04-16 19:30:00+00:00,181.33839416503906,480.18499755859375,33.869998931884766
2025-04-16 19:45:00+00:00,182.8800048828125,483.2200012207031,32.72999954223633
2025-04-16 20:00:00+00:00,183.39,484.065,32.689998626708984
2025-04-16 20:15:00+00:00,183.2899,483.74,
2025-04-16 20:30:00+00:00,183.03,483.275,
2025-04-16 20:45:00+00:00,182.7791,482.7788,
2025-04-16 21:00:00+00:00,182.8,483.4,
2025-04-16 21:15:00+00:00,182.85,483.28,
2025-04-16 21:30:00+00:00,183.1,483.3,
2025-04-16 21:45:00+00:00,183.19,483.81,
2025-04-16 22:00:00+00:00,183.03,483.0989,
2025-04-16 22:15:00+00:00,183.0,483.37,
2025-04-16 22:30:00+00:00,183.2,483.53,
2025-04-16 22:45:00+00:00,183.13,483.4086,
2025-04-16 23:00:00+00:00,182.88,482.92,
2025-04-16 23:15:00+00:00,183.25,483.575,
2025-04-16 23:30:00+00:00,183.12,483.375,
2025-04-16 23:45:00+00:00,183.1,483.36,
2025-04-17 07:15:00+00:00,,,30.34000015258789
2025-04-17 07:30:00+00:00,,,30.6200008392334
2025-04-17 07:45:00+00:00,,,30.600000381469727
2025-04-17 08:00:00+00:00,185.17,488.3,30.56999969482422
2025-04-17 08:15:00+00:00,185.07,488.4,30.520000457763672
2025-04-17 08:30:00+00:00,184.99,487.57,30.780000686645508
2025-04-17 08:45:00+00:00,184.5,487.08,30.989999771118164
2025-04-17 09:00:00+00:00,184.79,487.39,30.8799991607666
2025-04-17 09:15:00+00:00,,487.79,30.75
2025-04-17 09:30:00+00:00,184.95,487.79,30.790000915527344
2025-04-17 09:45:00+00:00,184.85,487.41,30.8799991607666
2025-04-17 10:00:00+00:00,184.7,486.17,31.229999542236328
2025-04-17 10:15:00+00:00,184.5,486.17,31.34000015258789
2025-04-17 10:30:00+00:00,184.36,485.24,31.690000534057617
2025-04-17 10:45:00+00:00,184.18,485.57,31.530000686645508
2025-04-17 11:00:00+00:00,183.88,484.65,31.81999969482422
2025-04-17 11:15:00+00:00,184.19,485.53,31.399999618530273
2025-04-17 11:30:00+00:00,184.07,485.22,31.579999923706055
2025-04-17 11:45:00+00:00,,485.54,31.450000762939453
2025-04-17 12:00:00+00:00,184.3,485.6501,31.389999389648438
2025-04-17 12:15:00+00:00,184.5,485.745,31.31999969482422
2025-04-17 12:30:00+00:00,184.53,486.025,31.010000228881836
2025-04-17 12:45:00+00:00,184.42,485.99,30.989999771118164
2025-04-17 13:00:00+00:00,184.1,485.1492,31.219999313354492
2025-04-17 13:15:00+00:00,184.1,,30.719999313354492
2025-04-17 13:30:00+00:00,183.25999450683594,484.8714904785156,31.260000228881836
2025-04-17 13:45:00+00:00,183.8300018310547,485.8599853515625,31.079999923706055
2025-04-17 14:00:00+00:00,183.1199951171875,484.769287109375,31.100000381469727
2025-04-17 14:15:00+00:00,182.2895050048828,482.7799987792969,31.920000076293945
2025-04-17 14:30:00+00:00,182.57479858398438,483.2077941894531,31.989999771118164
2025-04-17 14:45:00+00:00,182.14999389648438,482.57000732421875,32.369998931884766
2025-04-17 15:00:00+00:00,183.17999267578125,485.5150146484375,31.149999618530273
2025-04-17 15:15:00+00:00,182.4936981201172,484.07000732421875,31.790000915527344
2025-04-17 15:30:00+00:00,182.70989990234375,484.4700012207031,31.510000228881836
2025-04-17 15:45:00+00:00,182.47999572753906,484.1449890136719,31.549999237060547
2025-04-17 16:00:00+00:00,182.97000122070312,485.25,31.219999313354492
2025-04-17 16:15:00+00:00,183.5800018310547,486.6050109863281,30.829999923706055
2025-04-17 16:30:00+00:00,182.9499969482422,485.2847900390625,31.34000015258789
2025-04-17 16:45:00+00:00,183.69000244140625,487.0299987792969,30.729999542236328
2025-04-17 17:00:00+00:00,183.33889770507812,485.989990234375,30.799999237060547
2025-04-17 17:15:00+00:00,182.82000732421875,485.0199890136719,31.079999923706055
2025-04-17 17:30:00+00:00,183.25990295410156,485.7099914550781,30.670000076293945
2025-04-17 17:45:00+00:00,183.61199951171875,486.67999267578125,30.389999389648438
2025-04-17 18:00:00+00:00,183.80499267578125,487.0899963378906,30.290000915527344
2025-04-17 18:15:00+00:00,183.89500427246094,487.114990234375,30.229999542236328
2025-04-17 18:30:00+00:00,184.0666046142578,487.4049987792969,29.920000076293945
2025-04-17 18:45:00+00:00,183.2899932861328,485.7900085449219,30.15999984741211
2025-04-17 19:00:00+00:00,182.8000030517578,484.70001220703125,30.540000915527344
2025-04-17 19:15:00+00:00,183.00999450683594,484.6000061035156,30.40999984741211
2025-04-17 19:30:00+00:00,183.1999969482422,485.1099853515625,30.200000762939453
2025-04-17 19:45:00+00:00,182.83999633789062,483.75,30.030000686645508
2025-04-17 20:00:00+00:00,183.4193,485.16,29.649999618530273
2025-04-17 20:15:00+00:00,183.2085,484.23,
2025-04-17 20:30:00+00:00,183.2992,484.615,
2025-04-17 20:45:00+00:00,183.41,485.105,
2025-04-17 21:00:00+00:00,183.21,485.2,
2025-04-17 21:15:00+00:00,183.39,484.51,
2025-04-17 21:30:00+00:00,183.3928,484.54,
2025-04-17 21:45:00+00:00,183.38,485.0,
2025-04-17 22:00:00+00:00,183.39,484.35,
2025-04-17 22:15:00+00:00,183.5,484.22,
2025-04-17 22:30:00+00:00,183.82,484.07,
2025-04-17 22:45:00+00:00,183.5,484.05,
2025-04-17 23:00:00+00:00,183.35,484.525,
2025-04-17 23:15:00+00:00,183.3,485.0238,
2025-04-17 23:30:00+00:00,183.53,484.815,
2025-04-17 23:45:00+00:00,183.8,485.6299,
2025-04-21 07:15:00+00:00,,,32.810001373291016
2025-04-21 07:30:00+00:00,,,32.72999954223633
2025-04-21 07:45:00+00:00,,,32.880001068115234
2025-04-21 08:00:00+00:00,181.03,478.91,32.709999084472656
2025-04-21 08:15:00+00:00,180.8,479.05,32.630001068115234
2025-04-21 08:30:00+00:00,180.93,479.22,32.560001373291016
2025-04-21 08:45:00+00:00,180.91,479.14,32.61000061035156
2025-04-21 09:00:00+00:00,180.71,478.7,32.810001373291016
2025-04-21 09:15:00+00:00,180.59,478.9,32.68000030517578
2025-04-21 09:30:00+00:00,,478.46,32.79999923706055
2025-04-21 09:45:00+00:00,,478.91,32.61000061035156
2025-04-21 10:00:00+00:00,180.9,479.1,32.470001220703125
2025-04-21 10:15:00+00:00,180.85,478.71,32.599998474121094
2025-04-21 10:30:00+00:00,180.69,478.94,32.36000061035156
2025-04-21 10:45:00+00:00,180.92,479.37,32.15999984741211
2025-04-21 11:00:00+00:00,181.0,479.55,32.08000183105469
2025-04-21 11:15:00+00:00,179.97,478.07,32.5
2025-04-21 11:30:00+00:00,180.16,477.64,32.5
2025-04-21 11:45:00+00:00,180.05,477.85,32.41999816894531
2025-04-21 12:00:00+00:00,180.3283,478.41,32.150001525878906
2025-04-21 12:15:00+00:00,180.38,478.825,31.979999542236328
2025-04-21 12:30:00+00:00,180.489,478.945,31.860000610351562
2025-04-21 12:45:00+00:00,180.37,478.79,32.04999923706055
2025-04-21 13:00:00+00:00,180.139,478.38,32.18000030517578
2025-04-21 13:15:00+00:00,180.34,,32.220001220703125
2025-04-21 13:30:00+00:00,179.96099853515625,477.43011474609375,32.54999923706055
2025-04-21 13:45:00+00:00,179.14529418945312,475.706298828125,33.0099983215332
2025-04-21 14:00:00+00:00,178.75999450683594,474.7900085449219,33.08000183105469
2025-04-21 14:15:00+00:00,178.39999389648438,473.8699951171875,33.380001068115234
2025-04-21 14:30:00+00:00,178.50999450683594,473.69000244140625,33.29999923706055
2025-04-21 14:45:00+00:00,178.4600067138672,472.989990234375,33.810001373291016
2025-04-21 15:00:00+00:00,178.0500030517578,472.2099914550781,34.04999923706055
2025-04-21 15:15:00+00:00,177.86000061035156,471.5906066894531,34.31999969482422
2025-04-21 15:30:00+00:00,177.38999938964844,470.3999938964844,34.58000183105469
2025-04-21 15:45:00+00:00,177.13499450683594,469.7200012207031,35.060001373291016
2025-04-21 16:00:00+00:00,177.5800018310547,470.7200012207031,34.47999954223633
2025-04-21 16:15:00+00:00,177.3300018310547,470.25,34.4900016784668
2025-04-21 16:30:00+00:00,177.8179931640625,471.3699951171875,34.02000045776367
2025-04-21 16:45:00+00:00,177.0968017578125,469.8970031738281,34.529998779296875
2025-04-21 17:00:00+00:00,176.62680053710938,468.4849853515625,35.13999938964844
2025-04-21 17:15:00+00:00,176.67999267578125,468.69781494140625,35.15999984741211
2025-04-21 17:30:00+00:00,176.6096954345703,468.4840087890625,35.25
2025-04-21 17:45:00+00:00,176.32359313964844,467.739990234375,35.63999938964844
2025-04-21 18:00:00+00:00,176.52000427246094,467.75,35.5
2025-04-21 18:15:00+00:00,176.73500061035156,468.6600036621094,35.189998626708984
2025-04-21 18:30:00+00:00,176.47999572753906,468.17010498046875,35.31999969482422
2025-04-21 18:45:00+00:00,176.25030517578125,467.6499938964844,35.36000061035156
2025-04-21 19:00:00+00:00,176.7899932861328,468.7900085449219,34.709999084472656
2025-04-21 19:15:00+00:00,176.9499969482422,469.0,34.59000015258789
2025-04-21 19:30:00+00:00,177.65499877929688,470.79998779296875,33.88999938964844
2025-04-21 19:45:00+00:00,178.36000061035156,472.3999938964844,33.689998626708984
2025-04-21 20:00:00+00:00,178.21,472.055,33.84000015258789
2025-04-21 20:15:00+00:00,178.2299,471.935,
2025-04-21 20:30:00+00:00,178.27,472.07,
2025-04-21 20:45:00+00:00,178.3,472.38,
2025-04-21 21:00:00+00:00,178.34,472.325,
2025-04-21 21:15:00+00:00,178.31,472.24,
2025-04-21 21:30:00+00:00,178.81,472.44,
2025-04-21 21:45:00+00:00,178.4199,472.48,
2025-04-21 22:00:00+00:00,178.19,471.9,
2025-04-21 22:15:00+00:00,177.8799,471.48,
2025-04-21 22:30:00+00:00,178.32,472.445,
2025-04-21 22:45:00+00:00,178.091,472.07,
2025-04-21 23:00:00+00:00,178.2188,472.275,
2025-04-21 23:15:00+00:00,178.28,472.395,
2025-04-21 23:30:00+00:00,178.4497,472.65,
2025-04-21 23:45:00+00:00,179.1306,474.42,
2025-04-22 07:15:00+00:00,,,32.47999954223633
2025-04-22 07:30:00+00:00,,,32.40999984741211
2025-04-22 07:45:00+00:00,,,32.4900016784668
2025-04-22 08:00:00+00:00,180.03,476.27,32.58000183105469
2025-04-22 08:15:00+00:00,,476.75,32.47999954223633
2025-04-22 08:30:00+00:00,,477.41,32.150001525878906
2025-04-22 08:45:00+00:00,180.33,477.16,32.15999984741211
2025-04-22 09:00:00+00:00,180.27,476.95,32.209999084472656
2025-04-22 09:15:00+00:00,180.12,477.36,32.08000183105469
2025-04-22 09:30:00+00:00,180.2,477.1,32.150001525878906
2025-04-22 09:45:00+00:00,180.2,476.98,32.150001525878906
2025-04-22 10:00:00+00:00,180.1,476.93,32.16999816894531
2025-04-22 10:15:00+00:00,180.04,476.68,32.2599983215332
2025-04-22 10:30:00+00:00,,477.15,32.130001068115234
2025-04-22 10:45:00+00:00,,476.76,32.16999816894531
2025-04-22 11:00:00+00:00,179.82,476.15,32.400001525878906
2025-04-22 11:15:00+00:00,179.82,476.4,32.349998474121094
2025-04-22 11:30:00+00:00,179.791,475.97,32.43000030517578
2025-04-22 11:45:00+00:00,179.88,475.71,32.459999084472656
2025-04-22 12:00:00+00:00,179.8794,476.0,32.29999923706055
2025-04-22 12:15:00+00:00,179.976,476.5599,32.13999938964844
2025-04-22 12:30:00+00:00,180.1599,476.6,32.040000915527344
2025-04-22 12:45:00+00:00,180.4,477.37,31.809999465942383
2025-04-22 13:00:00+00:00,180.56,477.61,31.75
2025-04-22 13:15:00+00:00,180.7,,31.690000534057617
2025-04-22 13:30:00+00:00,181.25999450683594,479.24798583984375,31.030000686645508
2025-04-22 13:45:00+00:00,181.64999389648438,479.67999267578125,31.06999969482422
2025-04-22 14:00:00+00:00,181.8800048828125,480.5299987792969,30.75
2025-04-22 14:15:00+00:00,181.9199981689453,480.7650146484375,30.6200008392334
2025-04-22 14:30:00+00:00,182.27999877929688,481.5083923339844,30.43000030517578
2025-04-22 14:45:00+00:00,182.5500030517578,482.2049865722656,30.3799991607666
2025-04-22 15:00:00+00:00,182.8800048828125,482.9884948730469,30.229999542236328
2025-04-22 15:15:00+00:00,182.64039611816406,482.4700012207031,30.559999465942383
2025-04-22 15:30:00+00:00,182.0679931640625,481.465087890625,30.8799991607666
2025-04-22 15:45:00+00:00,182.91000366210938,483.5899963378906,30.479999542236328
2025-04-22 16:00:00+00:00,183.773193359375,485.37200927734375,30.309999465942383
2025-04-22 16:15:00+00:00,184.0850067138672,485.9849853515625,30.579999923706055
2025-04-22 16:30:00+00:00,183.85000610351562,485.4649963378906,30.579999923706055
2025-04-22 16:45:00+00:00,183.6300048828125,484.8599853515625,30.799999237060547
2025-04-22 17:00:00+00:00,182.97030639648438,483.1736145019531,31.450000762939453
2025-04-22 17:15:00+00:00,181.75,480.29998779296875,32.18000030517578
2025-04-22 17:30:00+00:00,181.99569702148438,480.9200134277344,31.829999923706055
2025-04-22 17:45:00+00:00,181.39999389648438,479.6300048828125,32.0
2025-04-22 18:00:00+00:00,182.2332000732422,482.0,31.200000762939453
2025-04-22 18:15:00+00:00,182.6199951171875,482.94000244140625,30.719999313354492
2025-04-22 18:30:00+00:00,182.8000030517578,483.5426025390625,30.469999313354492
2025-04-22 18:45:00+00:00,183.01499938964844,484.19000244140625,30.520000457763672
2025-04-22 19:00:00+00:00,182.48500061035156,483.125,30.809999465942383
2025-04-22 19:15:00+00:00,181.8699951171875,482.2200012207031,31.020000457763672
2025-04-22 19:30:00+00:00,182.4499969482422,483.6499938964844,30.75
2025-04-22 19:45:00+00:00,182.9600067138672,484.2300109863281,30.549999237060547
2025-04-22 20:00:00+00:00,182.84,484.3,30.559999465942383
2025-04-22 20:15:00+00:00,182.8789,484.565,
2025-04-22 20:30:00+00:00,182.8397,484.58,
2025-04-22 20:45:00+00:00,182.75,484.2,
2025-04-22 21:00:00+00:00,182.69,484.5803,
2025-04-22 21:15:00+00:00,185.4,490.485,
2025-04-22 21:30:00+00:00,186.9947,493.675,
2025-04-22 21:45:00+00:00,186.5,492.0,
2025-04-22 22:00:00+00:00,185.88,491.3901,
2025-04-22 22:15:00+00:00,186.33,492.23,
2025-04-22 22:30:00+00:00,186.5,492.53,
2025-04-22 22:45:00+00:00,186.73,493.5,
2025-04-22 23:00:00+00:00,187.12,494.18,
2025-04-22 23:15:00+00:00,186.69,492.9,
2025-04-22 23:30:00+00:00,186.65,492.9,
2025-04-22 23:45:00+00:00,186.81,493.2,
2025-04-23 07:15:00+00:00,,,28.700000762939453
2025-04-23 07:30:00+00:00,,,28.59000015258789
2025-04-23 07:45:00+00:00,,,28.43000030517578
2025-04-23 08:00:00+00:00,187.25,494.05,28.360000610351562
2025-04-23 08:15:00+00:00,187.3,494.05,28.34000015258789
2025-04-23 08:30:00+00:00,187.7,494.89,28.34000015258789
2025-04-23 08:45:00+00:00,187.49,494.46,28.40999984741211
2025-04-23 09:00:00+00:00,187.57,494.77,28.31999969482422
2025-04-23 09:15:00+00:00,187.5,494.43,28.3799991607666
2025-04-23 09:30:00+00:00,187.55,493.81,28.469999313354492
2025-04-23 09:45:00+00:00,187.55,494.53,28.360000610351562
2025-04-23 10:00:00+00:00,187.8,494.65,28.329999923706055
2025-04-23 10:15:00+00:00,187.79,495.42,28.15999984741211
2025-04-23 10:30:00+00:00,188.0,495.98,28.059999465942383
2025-04-23 10:45:00+00:00,188.28,496.52,28.059999465942383
2025-04-23 11:00:00+00:00,188.37,496.61,27.979999542236328
2025-04-23 11:15:00+00:00,188.259,495.7,28.059999465942383
2025-04-23 11:30:00+00:00,188.14,495.37,28.139999389648438
2025-04-23 11:45:00+00:00,187.8,495.05,28.229999542236328
2025-04-23 12:00:00+00:00,188.19,495.63,28.170000076293945
2025-04-23 12:15:00+00:00,188.16,495.75,28.139999389648438
2025-04-23 12:30:00+00:00,188.6328,496.635,27.989999771118164
2025-04-23 12:45:00+00:00,188.83,497.15,27.860000610351562
2025-04-23 13:00:00+00:00,188.3088,495.99,28.059999465942383
2025-04-23 13:15:00+00:00,188.631,,27.959999084472656
2025-04-23 13:30:00+00:00,189.5,498.9761047363281,28.100000381469727
2025-04-23 13:45:00+00:00,189.66000366210938,499.5400085449219,27.979999542236328
2025-04-23 14:00:00+00:00,189.77000427246094,499.260009765625,27.5
2025-04-23 14:15:00+00:00,190.11500549316406,499.75,27.239999771118164
2025-04-23 14:30:00+00:00,190.29100036621094,500.30499267578125,27.719999313354492
2025-04-23 14:45:00+00:00,189.72000122070312,498.6300048828125,27.889999389648438
2025-04-23 15:00:00+00:00,189.7100067138672,498.46990966796875,27.829999923706055
2025-04-23 15:15:00+00:00,188.2613067626953,495.0,28.760000228881836
2025-04-23 15:30:00+00:00,188.02000427246094,494.3800048828125,28.940000534057617
2025-04-23 15:45:00+00:00,187.86000061035156,493.94000244140625,29.100000381469727
2025-04-23 16:00:00+00:00,187.5500030517578,492.70001220703125,29.760000228881836
2025-04-23 16:15:00+00:00,187.5,492.9200134277344,29.489999771118164
2025-04-23 16:30:00+00:00,187.875,493.739990234375,29.209999084472656
2025-04-23 16:45:00+00:00,188.35000610351562,494.6253967285156,28.729999542236328
2025-04-23 17:00:00+00:00,188.47000122070312,495.4700012207031,28.489999771118164
2025-04-23 17:15:00+00:00,188.6490020751953,494.70001220703125,28.530000686645508
2025-04-23 17:30:00+00:00,188.11700439453125,494.0469055175781,28.760000228881836
2025-04-23 17:45:00+00:00,188.40220642089844,494.82501220703125,28.40999984741211
2025-04-23 18:00:00+00:00,188.39999389648438,494.5199890136719,28.420000076293945
2025-04-23 18:15:00+00:00,187.85000610351562,493.1588134765625,28.84000015258789
2025-04-23 18:30:00+00:00,187.6999969482422,492.6400146484375,28.920000076293945
2025-04-23 18:45:00+00:00,187.8000030517578,492.94500732421875,28.59000015258789
2025-04-23 19:00:00+00:00,187.4199981689453,492.2807922363281,28.84000015258789
2025-04-23 19:15:00+00:00,186.92999267578125,491.4468994140625,29.049999237060547
2025-04-23 19:30:00+00:00,186.75169372558594,491.4800109863281,28.959999084472656
2025-04-23 19:45:00+00:00,187.05999755859375,492.07501220703125,28.239999771118164
2025-04-23 20:00:00+00:00,187.26,492.245,28.420000076293945
2025-04-23 20:15:00+00:00,188.1997,494.36,
2025-04-23 20:30:00+00:00,187.7,493.4303,
2025-04-23 20:45:00+00:00,187.71,493.46,
2025-04-23 21:00:00+00:00,187.97,494.19,
2025-04-23 21:15:00+00:00,187.7,493.9,
2025-04-23 21:30:00+00:00,187.82,493.31,
2025-04-23 21:45:00+00:00,187.39,492.76,
2025-04-23 22:00:00+00:00,186.7,491.39,
2025-04-23 22:15:00+00:00,187.0,491.98,
2025-04-23 22:30:00+00:00,187.3,492.605,
2025-04-23 22:45:00+00:00,187.38,492.82,
2025-04-23 23:00:00+00:00,187.4999,493.075,
2025-04-23 23:15:00+00:00,187.6,493.21,
2025-04-23 23:30:00+00:00,187.49,492.945,
2025-04-23 23:45:00+00:00,187.8,493.33,
2025-04-24 07:15:00+00:00,,,28.899999618530273
2025-04-24 07:30:00+00:00,,,29.149999618530273
2025-04-24 07:45:00+00:00,,,29.15999984741211
2025-04-24 08:00:00+00:00,185.76,489.76,29.200000762939453
2025-04-24 08:15:00+00:00,,489.02,29.3799991607666
2025-04-24 08:30:00+00:00,185.58,488.58,29.559999465942383
2025-04-24 08:45:00+00:00,185.22,489.03,29.399999618530273
2025-04-24 09:00:00+00:00,185.65,489.38,29.270000457763672
2025-04-24 09:15:00+00:00,185.68,489.41,29.06999969482422
2025-04-24 09:30:00+00:00,185.85,490.0,28.93000030517578
2025-04-24 09:45:00+00:00,186.0,490.04,28.84000015258789
2025-04-24 10:00:00+00:00,186.27,490.36,28.729999542236328
2025-04-24 10:15:00+00:00,186.26,490.54,28.709999084472656
2025-04-24 10:30:00+00:00,186.79,491.8,28.389999389648438
2025-04-24 10:45:00+00:00,187.44,492.49,28.149999618530273
2025-04-24 11:00:00+00:00,186.95,491.76,28.459999084472656
2025-04-24 11:15:00+00:00,186.8,491.11,28.510000228881836
2025-04-24 11:30:00+00:00,186.59,490.5,28.68000030517578
2025-04-24 11:45:00+00:00,186.89,491.15,28.56999969482422
2025-04-24 12:00:00+00:00,187.2405,491.52,28.43000030517578
2025-04-24 12:15:00+00:00,187.2697,491.6,28.389999389648438
2025-04-24 12:30:00+00:00,187.8083,492.92,27.780000686645508
2025-04-24 12:45:00+00:00,187.67,492.69,27.81999969482422
2025-04-24 13:00:00+00:00,187.55,492.505,27.81999969482422
2025-04-24 13:15:00+00:00,187.92,,27.670000076293945
2025-04-24 13:30:00+00:00,188.74000549316406,494.2898864746094,27.459999084472656
2025-04-24 13:45:00+00:00,189.6999969482422,495.8500061035156,27.3700008392334
2025-04-24 14:00:00+00:00,189.9600067138672,496.31500244140625,27.239999771118164
2025-04-24 14:15:00+00:00,190.55999755859375,498.3599853515625,27.290000915527344
2025-04-24 14:30:00+00:00,190.3300018310547,498.20001220703125,27.350000381469727
2025-04-24 14:45:00+00:00,190.57000732421875,498.6000061035156,27.34000015258789
2025-04-24 15:00:00+00:00,191.11990356445312,499.55999755859375,27.31999969482422
2025-04-24 15:15:00+00:00,190.65499877929688,498.4599914550781,27.360000610351562
2025-04-24 15:30:00+00:00,190.75579833984375,498.54998779296875,27.399999618530273
2025-04-24 15:45:00+00:00,190.7935028076172,498.8500061035156,27.399999618530273
2025-04-24 16:00:00+00:00,191.0438995361328,499.4975891113281,27.25
2025-04-24 16:15:00+00:00,191.4102020263672,500.42498779296875,27.059999465942383
2025-04-24 16:30:00+00:00,191.5399932861328,500.8389892578125,27.219999313354492
2025-04-24 16:45:00+00:00,191.77000427246094,501.3186950683594,27.43000030517578
2025-04-24 17:00:00+00:00,191.6793975830078,501.0299987792969,27.479999542236328
2025-04-24 17:15:00+00:00,191.66510009765625,500.9197082519531,27.6299991607666
2025-04-24 17:30:00+00:00,191.47999572753906,500.7096862792969,27.809999465942383
2025-04-24 17:45:00+00:00,191.80999755859375,501.17999267578125,27.450000762939453
2025-04-24 18:00:00+00:00,191.93899536132812,501.45001220703125,27.360000610351562
2025-04-24 18:15:00+00:00,191.97999572753906,501.3872985839844,27.350000381469727
2025-04-24 18:30:00+00:00,192.13999938964844,502.0,27.200000762939453
2025-04-24 18:45:00+00:00,192.1199951171875,501.9700012207031,26.979999542236328
2025-04-24 19:00:00+00:00,191.5500030517578,500.7200012207031,27.030000686645508
2025-04-24 19:15:00+00:00,191.55990600585938,500.80999755859375,26.90999984741211
2025-04-24 19:30:00+00:00,192.07650756835938,502.15679931640625,26.75
2025-04-24 19:45:00+00:00,192.36500549316406,502.30999755859375,26.639999389648438
2025-04-24 20:00:00+00:00,192.7192,503.295,26.479999542236328
2025-04-24 20:15:00+00:00,192.57,503.03,
2025-04-24 20:30:00+00:00,192.8,503.45,
2025-04-24 20:45:00+00:00,192.67,503.51,
2025-04-24 21:00:00+00:00,193.4,503.625,
2025-04-24 21:15:00+00:00,193.1101,503.76,
2025-04-24 21:30:00+00:00,193.3,503.925,
2025-04-24 21:45:00+00:00,193.45,504.18,
2025-04-24 22:00:00+00:00,193.05,503.445,
2025-04-24 22:15:00+00:00,193.24,504.13,
2025-04-24 22:30:00+00:00,193.3,504.425,
2025-04-24 22:45:00+00:00,193.2,504.13,
2025-04-24 23:00:00+00:00,193.23,504.06,
2025-04-24 23:15:00+00:00,193.34,504.155,
2025-04-24 23:30:00+00:00,193.43,504.36,
2025-04-24 23:45:00+00:00,193.38,504.0,
2025-04-25 07:15:00+00:00,,,26.1200008392334
2025-04-25 07:30:00+00:00,,,26.15999984741211
2025-04-25 07:45:00+00:00,,,26.06999969482422
2025-04-25 08:00:00+00:00,193.35,504.84,26.110000610351562
2025-04-25 08:15:00+00:00,193.45,504.9,26.030000686645508
2025-04-25 08:30:00+00:00,193.27,504.58,26.1200008392334
2025-04-25 08:45:00+00:00,193.2,504.41,26.170000076293945
2025-04-25 09:00:00+00:00,193.0,503.96,26.239999771118164
2025-04-25 09:15:00+00:00,193.02,504.52,26.1200008392334
2025-04-25 09:30:00+00:00,193.1,503.87,26.329999923706055
2025-04-25 09:45:00+00:00,,504.2,26.170000076293945
2025-04-25 10:00:00+00:00,192.9,503.63,26.34000015258789
2025-04-25 10:15:00+00:00,192.61,502.65,26.59000015258789
2025-04-25 10:30:00+00:00,191.87,501.11,26.920000076293945
2025-04-25 10:45:00+00:00,191.51,500.52,27.15999984741211
2025-04-25 11:00:00+00:00,192.2,501.9,26.780000686645508
2025-04-25 11:15:00+00:00,192.28,502.29,26.649999618530273
2025-04-25 11:30:00+00:00,192.05,500.95,26.979999542236328
2025-04-25 11:45:00+00:00,191.82,501.35,26.90999984741211
2025-04-25 12:00:00+00:00,191.8592,501.5984,26.829999923706055
2025-04-25 12:15:00+00:00,191.8398,501.39,26.93000030517578
2025-04-25 12:30:00+00:00,192.0,501.84,26.75
2025-04-25 12:45:00+00:00,191.71,501.185,26.889999389648438
2025-04-25 13:00:00+00:00,192.05,502.0,26.700000762939453
2025-04-25 13:15:00+00:00,192.22,,26.649999618530273
2025-04-25 13:30:00+00:00,192.1903076171875,502.2349853515625,26.780000686645508
2025-04-25 13:45:00+00:00,191.86500549316406,500.80999755859375,27.100000381469727
2025-04-25 14:00:00+00:00,193.14999389648438,503.2200012207031,26.229999542236328
2025-04-25 14:15:00+00:00,191.9499969482422,500.5799865722656,26.90999984741211
2025-04-25 14:30:00+00:00,192.82000732421875,502.5799865722656,26.200000762939453
2025-04-25 14:45:00+00:00,192.62820434570312,502.2544860839844,26.239999771118164
2025-04-25 15:00:00+00:00,193.0,502.9599914550781,25.780000686645508
2025-04-25 15:15:00+00:00,192.7489013671875,502.260009765625,25.739999771118164
2025-04-25 15:30:00+00:00,192.42999267578125,501.8399963378906,25.709999084472656
2025-04-25 15:45:00+00:00,192.98480224609375,502.84991455078125,25.31999969482422
2025-04-25 16:00:00+00:00,193.05999755859375,503.30999755859375,25.299999237060547
2025-04-25 16:15:00+00:00,193.4600067138672,503.9800109863281,25.149999618530273
2025-04-25 16:30:00+00:00,193.88150024414062,504.7149963378906,24.8799991607666
2025-04-25 16:45:00+00:00,193.90499877929688,504.7244873046875,25.200000762939453
2025-04-25 17:00:00+00:00,194.29989624023438,505.5596008300781,25.0
2025-04-25 17:15:00+00:00,194.70899963378906,506.4656982421875,25.06999969482422
2025-04-25 17:30:00+00:00,193.7198944091797,504.6318054199219,25.530000686645508
2025-04-25 17:45:00+00:00,193.50860595703125,503.54998779296875,26.15999984741211
2025-04-25 18:00:00+00:00,193.83999633789062,504.5350036621094,25.68000030517578
2025-04-25 18:15:00+00:00,194.1199951171875,505.2749938964844,25.3700008392334
2025-04-25 18:30:00+00:00,194.4893035888672,506.10400390625,25.09000015258789
2025-04-25 18:45:00+00:00,194.30999755859375,505.4150085449219,25.1299991607666
2025-04-25 19:00:00+00:00,194.2010040283203,505.4700012207031,25.389999389648438
2025-04-25 19:15:00+00:00,194.07000732421875,505.239990234375,25.40999984741211
2025-04-25 19:30:00+00:00,194.00999450683594,505.1099853515625,25.3700008392334
2025-04-25 19:45:00+00:00,194.5500030517578,505.989990234375,25.049999237060547
2025-04-25 20:00:00+00:00,194.7399,506.49,24.8700008392334
2025-04-25 20:15:00+00:00,194.76,506.305,
2025-04-25 20:30:00+00:00,194.73,506.35,
2025-04-25 20:45:00+00:00,194.74,506.215,
2025-04-25 21:00:00+00:00,194.6657,506.425,
2025-04-25 21:15:00+00:00,194.8,506.4,
2025-04-25 21:30:00+00:00,194.86,506.4,
2025-04-25 21:45:00+00:00,194.85,506.495,
2025-04-25 22:00:00+00:00,194.69,506.3,
2025-04-25 22:15:00+00:00,194.86,506.295,
2025-04-25 22:30:00+00:00,195.0,506.41,
2025-04-25 22:45:00+00:00,194.5592,506.49,
2025-04-25 23:00:00+00:00,194.51,506.4,
2025-04-25 23:15:00+00:00,194.83,506.4,
2025-04-25 23:30:00+00:00,195.0,506.43,
2025-04-25 23:45:00+00:00,194.65,506.89,
